{
  "lang":"de",
  "name":"pipeline",
  "version":"0.0.0",
  "spacy_version":">=3.7.4,<3.8.0",
  "description":"",
  "author":"",
  "email":"",
  "url":"",
  "license":"",
  "spacy_git_version":"bff8725f4",
  "vectors":{
    "width":0,
    "vectors":0,
    "keys":0,
    "name":null,
    "mode":"default"
  },
  "labels":{
    "ner":[
      "CITY",
      "COUNTRY",
      "STATE",
      "STREET_NAME",
      "STREET_NUM",
      "ZIP_CODE"
    ]
  },
  "pipeline":[
    "ner"
  ],
  "components":[
    "ner"
  ],
  "disabled":[

  ],
  "performance":{
    "ents_f":0.9827213823,
    "ents_p":0.9806034483,
    "ents_r":0.9848484848,
    "ents_per_type":{
      "STREET_NAME":{
        "p":0.9868995633,
        "r":0.9868995633,
        "f":0.9868995633
      },
      "STREET_NUM":{
        "p":0.9692982456,
        "r":0.9910313901,
        "f":0.9800443459
      },
      "ZIP_CODE":{
        "p":0.9818181818,
        "r":0.972972973,
        "f":0.9773755656
      },
      "CITY":{
        "p":0.9913043478,
        "r":0.9956331878,
        "f":0.9934640523
      },
      "COUNTRY":{
        "p":0.9,
        "r":1.0,
        "f":0.9473684211
      },
      "STATE":{
        "p":1.0,
        "r":0.3333333333,
        "f":0.5
      }
    },
    "ner_loss":0.0007680762
  }
}