{
  "lang":"de",
  "name":"pipeline",
  "version":"0.0.0",
  "spacy_version":">=3.7.4,<3.8.0",
  "description":"",
  "author":"",
  "email":"",
  "url":"",
  "license":"",
  "spacy_git_version":"bff8725f4",
  "vectors":{
    "width":0,
    "vectors":0,
    "keys":0,
    "name":null,
    "mode":"default"
  },
  "labels":{
    "ner":[
      "CITY",
      "COUNTRY",
      "STATE",
      "STREET_NAME",
      "STREET_NUM",
      "ZIP_CODE"
    ]
  },
  "pipeline":[
    "ner"
  ],
  "components":[
    "ner"
  ],
  "disabled":[

  ],
  "performance":{
    "ents_f":0.9859611231,
    "ents_p":0.9838362069,
    "ents_r":0.9880952381,
    "ents_per_type":{
      "STREET_NAME":{
        "p":0.9869565217,
        "r":0.9912663755,
        "f":0.9891067538
      },
      "STREET_NUM":{
        "p":0.9779735683,
        "r":0.9955156951,
        "f":0.9866666667
      },
      "ZIP_CODE":{
        "p":0.9818181818,
        "r":0.972972973,
        "f":0.9773755656
      },
      "CITY":{
        "p":0.9956331878,
        "r":0.9956331878,
        "f":0.9956331878
      },
      "COUNTRY":{
        "p":0.9,
        "r":1.0,
        "f":0.9473684211
      },
      "STATE":{
        "p":1.0,
        "r":0.6666666667,
        "f":0.8
      }
    },
    "ner_loss":0.1500195494
  }
}